{"loss":0.0455593466758728,"avg_loss":0.030052127264571994,"_timestamp":1.7457159219792435e+09,"_wandb":{"runtime":13139},"_runtime":13139.5511446,"_step":499,"score":97}