{"score":88,"loss":317.0049133300781,"avg_loss":341.14618196882867,"_timestamp":1.7366159559874024e+09,"_runtime":18199.6728365,"_step":999,"_wandb":{"runtime":18199}}