{"_wandb":{"runtime":10147},"loss":168.50009155273438,"avg_score":189.58490121925396,"_timestamp":1.7365266125254061e+09,"_runtime":10146.9019421,"_step":299,"score":[92,8,0]}