{"_runtime":17895.084098,"_wandb":{"runtime":17895},"_step":999,"score":99,"loss":221.17845153808594,"avg_loss":159.5512670396352,"_timestamp":1.7397580796470766e+09}