{"_timestamp":1.7457017221932125e+09,"_runtime":15143.1228113,"_step":499,"score":99,"loss":0.02214951440691948,"avg_loss":0.026228886474806336,"_wandb":{"runtime":15143}}