{"_wandb":{"runtime":26254},"loss":109.13082885742188,"avg_loss":139.0512486532463,"_timestamp":1.7451320392161674e+09,"_runtime":26254.8157215,"_step":999,"score":98}