{"avg_loss":0.02493134595250909,"_timestamp":1.7480216222313619e+09,"_runtime":13720.2026378,"_step":499,"_wandb":{"runtime":13720},"score":97,"loss":0.02348382957279682}