{"avg_loss":298.89365245007474,"_timestamp":1.745045742215802e+09,"_runtime":26797.9023379,"_step":999,"score":99,"loss":210.73245239257812,"_wandb":{"runtime":26798}}