{"score":[52,48,0],"loss":0.23220385611057281,"avg_score":97.89418359062402,"_timestamp":1.7355753069488351e+09,"_runtime":511.204767,"_step":8,"_wandb":{"runtime":568}}