{"_step":999,"score":97,"loss":527.2014770507812,"avg_loss":403.9759867895511,"_timestamp":1.7411425793452277e+09,"_runtime":18327.4393658,"_wandb":{"runtime":18327}}